year,round,category_encoded,institute_type_encoded,actual_closing_rank,predicted_closing_rank,residual,abs_error,pct_error,opening_rank,category_str,institute_type_str,institute_type,category,closing_rank,institute,program,quota,gender,std_dev,admission_probability,ci_lower_5,expected_cutoff_50,ci_upper_95,margin,margin_score,recommendation_score
2025,6,2,2,7382.0,7382,-0.2930142305431218,0.2930142305431218,0.0039693068347754,4462,OPEN,IIT,IIT,Safe,7382,Indian Institute of Technology Bhilai,Computer Science and Engineering,AI,Gender-Neutral,100.0,1.0,7221.248270002974,7385.420240609922,7542.145414204882,5382,0.729070712544026,114.58141425088053
2025,6,2,2,7208.0,7208,-0.2995318697303446,0.2995318697303446,0.0041555475822744,4742,OPEN,IIT,IIT,Safe,7208,Indian Institute of Technology Dharwad,Computer Science and Engineering,AI,Gender-Neutral,100.0,1.0,7045.3862086950285,7214.569590225405,7354.107202921325,5208,0.7225305216426193,114.45061043285239
2025,6,2,2,6651.0,6651,-0.3231902392171832,0.3231902392171832,0.0048592728795246,4704,OPEN,IIT,IIT,Safe,6651,Indian Institute of Technology Jammu,Computer Science and Engineering,AI,Gender-Neutral,100.0,1.0,6469.384113161049,6647.858717513209,6821.739797319496,4651,0.6992933393474665,113.98586678694933
2025,6,2,2,6454.0,6454,-0.3321390199407688,0.3321390199407688,0.0051462506963242,4530,OPEN,IIT,IIT,Safe,6454,Indian Institute of Technology Palakkad,Computer Science and Engineering,AI,Gender-Neutral,100.0,1.0,6289.8585901016695,6451.910528250155,6608.576825784667,4454,0.6901146575766967,113.80229315153393
2025,6,2,2,6242.0,6242,-0.3420089498740708,0.3420089498740708,0.0054791565183285,4256,OPEN,IIT,IIT,Safe,6242,Indian Institute of Technology Goa,Computer Science and Engineering,AI,Gender-Neutral,100.0,1.0,6066.233109225686,6248.35320936847,6413.188641854867,4242,0.6795898750400513,113.59179750080102
2025,6,2,2,5034.0,5034,-0.3799022149723896,0.3799022149723896,0.0075467265588476,1916,OPEN,IIT,IIT,Safe,5034,Indian Institute of Technology Tirupati,Computer Science and Engineering,AI,Gender-Neutral,100.0,1.0,4872.9297808715055,5033.862631075406,5217.93428542633,3034,0.6027016289233215,112.05403257846643
2025,6,2,2,4297.0,4297,-0.4685932505108212,0.4685932505108212,0.0109051256809593,4297,OPEN,IIT,IIT,Safe,4297,Indian Institute of Technology Patna,B.Tech (Computer Science and Engineering) - MBA in Digital Business Management (IIM Bodh Gaya),AI,Gender-Neutral,100.0,1.0,4133.582333474933,4296.962708931403,4467.1353787081425,2297,0.5345589946474284,110.69117989294857
2025,6,2,2,4162.0,4162,-0.419362244560034,0.419362244560034,0.0100759789658826,2344,OPEN,IIT,IIT,Safe,4162,Indian Institute of Technology Bhubaneswar,Computer Science and Engineering,AI,Gender-Neutral,100.0,1.0,4006.341282304265,4163.981031612899,4324.366588802593,2162,0.5194617972128784,110.38923594425756
2025,6,2,2,3585.0,3585,-0.4437816437257424,0.4437816437257424,0.0123788464079705,2143,OPEN,IIT,IIT,Safe,3585,Indian Institute of Technology (ISM) Dhanbad,Computer Science and Engineering,AI,Gender-Neutral,100.0,1.0,3418.3171832680614,3583.4140296780643,3759.719932925141,1585,0.4421199442119944,108.84239888423988
2025,6,2,2,3377.0,3377,-0.4356514986120601,0.4356514986120601,0.0129005477824122,1954,OPEN,IIT,IIT,Safe,3377,Indian Institute of Technology Patna,Computer Science and Engineering,AI,Gender-Neutral,100.0,1.0,3219.197018369592,3376.4908825034113,3536.513584789368,1377,0.4077583654130885,108.15516730826177
2025,6,2,2,2918.0,2918,-0.453960968676256,0.453960968676256,0.0155572641767051,2269,OPEN,IIT,IIT,Safe,2918,Indian Institute of Technology Jodhpur,Computer Science and Engineering,AI,Gender-Neutral,100.0,1.0,2753.4015234651447,2922.6626607692947,3082.1712348970823,918,0.3145990404386566,106.29198080877313
2025,6,2,2,2512.0,2512,-0.470785948289631,0.470785948289631,0.0187414788331859,1680,OPEN,IIT,IIT,Safe,2512,Indian Institute of Technology Ropar,Computer Science and Engineering,AI,Gender-Neutral,100.0,1.0,2341.9933164004024,2515.0127672278404,2682.016437323285,512,0.20382165605095542,104.07643312101911
2025,6,2,2,2020.0,2020,-0.4815279973317956,0.4815279973317956,0.0238380196698908,905,OPEN,IIT,IIT,Moderate,2020,Indian Institute of Technology Gandhinagar,Computer Science and Engineering,AI,Gender-Neutral,100.0,0.567,1863.089457718293,2016.5221214610042,2190.638040797773,20,0.009900990099009901,56.89801980198019
2025,6,2,2,1775.0,1775,-0.4908194797171745,0.4908194797171745,0.027651801674207,952,OPEN,IIT,IIT,Ambitious,1775,Indian Institute of Technology Indore,Computer Science and Engineering,AI,Gender-Neutral,100.0,0.012,1612.9512053388391,1783.2183802018824,1938.7819827536541,-225,-0.1267605633802817,-1.335211267605634
2025,6,2,2,1761.0,1762,-0.5814974181084835,0.5814974181084835,0.0330208641742466,1291,OPEN,IIT,IIT,Ambitious,1761,Indian Institute of Technology Delhi,Abu Dhabi Campus - Computer Science and Engineering,AI,Gender-Neutral,100.0,0.009,1592.9652864546501,1757.7151841720065,1925.4516014306573,-238,-0.13507377979568672,-1.8014755959137343
2025,6,2,2,1489.0,1489,-0.4957758285836462,0.4957758285836462,0.0332958917786196,747,OPEN,IIT,IIT,Ambitious,1489,Indian Institute of Technology (BHU) Varanasi,Computer Science and Engineering,AI,Gender-Neutral,100.0,0.0,1324.2212300424019,1486.015367631077,1644.4952111749858,-511,-0.3431833445265279,-6.863666890530558
2025,6,2,2,792.0,793,-0.51923678649473,0.51923678649473,0.0655602003149911,504,OPEN,IIT,IIT,Ambitious,792,Indian Institute of Technology Guwahati,Computer Science and Engineering,AI,Gender-Neutral,100.0,0.0,613.8689942931155,784.1203203738883,955.5685444527533,-1207,-1.5220680958385877,-30.441361916771754
2025,6,2,2,673.0,674,-0.5214911085950007,0.5214911085950007,0.0774875347095097,339,OPEN,IIT,IIT,Ambitious,673,Indian Institute of Technology Hyderabad,Computer Science and Engineering,AI,Gender-Neutral,100.0,0.0,512.0005903829929,676.3729798973509,831.4223260178204,-1326,-1.967359050445104,-39.347181008902076
2025,6,2,2,592.0,593,-0.5172215332331689,0.5172215332331689,0.0873685022353325,275,OPEN,IIT,IIT,Ambitious,592,Indian Institute of Technology Roorkee,Computer Science and Engineering,AI,Gender-Neutral,100.0,0.0,432.4879757707411,599.3956867630031,763.3140285178366,-1407,-2.372681281618887,-47.45362563237774
2025,6,2,2,466.0,467,-0.5186005771993223,0.5186005771993223,0.1112876775105841,238,OPEN,IIT,IIT,Ambitious,466,Indian Institute of Technology Kharagpur,Computer Science and Engineering,AI,Gender-Neutral,100.0,0.0,305.6455366255461,470.0606801079971,641.8175017640249,-1533,-3.2826552462526766,-65.65310492505353
2025,6,2,2,271.0,272,-0.5232303301982029,0.5232303301982029,0.1930739225823627,147,OPEN,IIT,IIT,Ambitious,271,Indian Institute of Technology Kanpur,Computer Science and Engineering,AI,Gender-Neutral,100.0,0.0,119.54675588619462,279.0531568521318,435.8501151139903,-1728,-6.352941176470588,-127.05882352941175
2025,6,2,2,171.0,172,-0.5196445795809268,0.5196445795809268,0.3038857190531736,79,OPEN,IIT,IIT,Ambitious,171,Indian Institute of Technology Madras,Computer Science and Engineering,AI,Gender-Neutral,100.0,0.0,8.733213192007389,171.68974244638912,340.74235907955955,-1828,-10.627906976744185,-212.5581395348837
2025,6,2,2,137.0,138,-0.6842269875705824,0.6842269875705824,0.49943575735079,137,OPEN,IIT,IIT,Ambitious,137,Indian Institute of Technology Mandi,Computer Science and Engineering,AI,Gender-Neutral,100.0,0.0,1.0,138.91805449922418,288.98678245168867,-1862,-13.492753623188406,-269.8550724637681
2025,6,2,2,126.0,127,-0.5028950670821359,0.5028950670821359,0.3991230691128062,24,OPEN,IIT,IIT,Ambitious,126,Indian Institute of Technology Delhi,Computer Science and Engineering,AI,Gender-Neutral,100.0,0.0,1.0,128.37981892856797,293.7064383297897,-1873,-14.748031496062993,-294.96062992125985
2025,6,2,2,66.0,66,-0.4715817299584159,0.4715817299584159,0.7145177726642666,1,OPEN,IIT,IIT,Ambitious,66,Indian Institute of Technology Bombay,Computer Science and Engineering,AI,Gender-Neutral,100.0,0.0,1.0,65.04042049610786,227.78237682747735,-1934,-29.303030303030305,-586.0606060606061
2025,6,1,3,476722.0,476705,17.31768628320424,17.31768628320424,0.0036326593451118,396093,OBC-NCL,NIT,NIT,Safe,476722,National Institute of Technology Sikkim,Electrical and Electronics Engineering,HS,Gender-Neutral,100.0,1.0,476542.66982659634,476701.93718261726,476860.26084656094,461705,0.9685339990140653,119.37067998028131
2025,6,1,3,196257.0,196250,7.411744541022927,7.411744541022927,0.0037765504114619,125750,OBC-NCL,NIT,NIT,Safe,196257,"National Institute of Technology, Manipur",Electronics and Communication Engineering,HS,Gender-Neutral,100.0,1.0,196087.68992049218,196246.44249703933,196407.5711278054,181250,0.9235668789808917,118.47133757961784
2025,6,1,3,172832.0,172825,7.375688987580361,7.375688987580361,0.0042675482477668,160004,OBC-NCL,NIT,NIT,Safe,172832,National Institute of Technology Sikkim,Electronics and Communication Engineering,HS,Gender-Neutral,100.0,1.0,172658.4008843931,172821.8700585171,172993.00876485792,157825,0.913207001301895,118.2641400260379
2025,6,1,3,149441.0,149436,4.581659534451319,4.581659534451319,0.0030658651470823,88752,OBC-NCL,NIT,NIT,Safe,149441,National Institute of Technology Goa,Electrical and Electronics Engineering,STATE,Gender-Neutral,100.0,1.0,149274.45554519474,149444.85867226086,149603.18063637128,134436,0.8996225809041998,117.992451618084
2025,6,1,3,145780.0,145774,5.949892003758578,5.949892003758578,0.0040814185785145,61386,OBC-NCL,NIT,NIT,Safe,145780,"National Institute of Technology, Srinagar",Electronics and Communication Engineering,STATE,Gender-Neutral,100.0,1.0,145615.10853256047,145772.61605898925,145937.78463426858,130774,0.8971009919464377,117.94201983892876
2025,6,1,3,94815.0,94812,2.823273747228086,2.823273747228086,0.0029776657145262,66862,OBC-NCL,NIT,NIT,Safe,94815,National Institute of Technology Goa,Electronics and Communication Engineering,STATE,Gender-Neutral,100.0,1.0,94644.3481978211,94808.35863556227,94966.87012613627,79812,0.8417921782052905,116.83584356410582
2025,6,1,3,50316.0,50316,-0.3824522063878248,0.3824522063878248,0.0007601005771281,36550,OBC-NCL,NIT,NIT,Safe,50316,National Institute of Technology Hamirpur,Electronics and Communication Engineering,HS,Gender-Neutral,100.0,1.0,50144.73125516972,50313.72977638192,50483.11729863613,35316,0.7018840925351777,114.03768185070355
2025,6,1,3,48452.0,48451,1.2577962480427232,1.2577962480427232,0.0025959635268775,39284,OBC-NCL,NIT,NIT,Safe,48452,National Institute of Technology Puducherry,Electrical and Electronics Engineering,HS,Gender-Neutral,100.0,1.0,48287.92934661544,48453.13432217451,48611.76448337003,33451,0.690408866690058,113.80817733380115
2025,6,1,3,40279.0,40278,0.7630282555546728,0.7630282555546728,0.0018943574953565,40279,OBC-NCL,NIT,NIT,Safe,40279,National Institute of Technology Arunachal Pradesh,Electronics and Communication Engineering,HS,Gender-Neutral,100.0,1.0,40092.08445371185,40279.50896660635,40445.13030357145,25278,0.6275882615820051,112.5517652316401
2025,6,1,3,36973.0,36972,0.9695669391658156,0.9695669391658156,0.0026223648044946,28550,OBC-NCL,NIT,NIT,Safe,36973,National Institute of Technology Puducherry,Electronics and Communication Engineering,HS,Gender-Neutral,100.0,1.0,36809.57317015828,36977.377320255604,37132.26829526839,21972,0.5942875689711132,111.88575137942226
2025,6,1,3,30844.0,30843,0.6339955110415758,0.6339955110415758,0.0020554905688029,23209,OBC-NCL,NIT,NIT,Safe,30844,"National Institute of Technology, Silchar",Electronics and Instrumentation Engineering,HS,Gender-Neutral,100.0,1.0,30678.466032478806,30841.034028885908,31018.419197057865,15843,0.5136659857990468,110.27331971598093
2025,6,1,3,27441.0,27441,0.3808599329349817,0.3808599329349817,0.0013879229362449,27441,OBC-NCL,NIT,NIT,Safe,27441,National Institute of Technology Goa,Electrical and Electronics Engineering,HS,Gender-Neutral,100.0,1.0,27284.826876069317,27444.945517199936,27603.58330843713,12441,0.45337269049961737,109.06745380999234
2025,6,1,3,25114.0,25113,0.5490308803018706,0.5490308803018706,0.0021861546559762,23783,OBC-NCL,NIT,NIT,Safe,25114,"Dr. B R Ambedkar National Institute of Technology, Jalandhar",Electronics and VLSI Engineering,HS,Gender-Neutral,100.0,1.0,24945.25640054975,25105.917939221676,25264.399300475055,10113,0.40269979691793095,108.05399593835863
2025,6,1,3,23520.0,23520,0.2544886608229717,0.2544886608229717,0.0010820096123425,9081,OBC-NCL,NIT,NIT,Safe,23520,"Dr. B R Ambedkar National Institute of Technology, Jalandhar",Electronics and Communication Engineering,HS,Gender-Neutral,100.0,1.0,23344.430112158832,23518.80942529232,23683.397069292736,8520,0.3622448979591837,107.24489795918367
2025,6,1,3,22828.0,22828,0.2935758139137761,0.2935758139137761,0.0012860338790685,13553,OBC-NCL,NIT,NIT,Safe,22828,"National Institute of Technology, Silchar",Electronics and Communication Engineering,HS,Gender-Neutral,100.0,1.0,22661.87993769569,22820.4976032748,22990.551754380238,7828,0.34291221307166636,106.85824426143333
2025,6,1,3,21307.0,21307,0.2723938342714973,0.2723938342714973,0.0012784241529614,19591,OBC-NCL,NIT,NIT,Safe,21307,"National Institute of Technology, Uttarakhand",Electrical and Electronics Engineering,HS,Gender-Neutral,100.0,1.0,21150.982389865356,21307.72788524645,21469.87593887505,6307,0.2960060074154034,105.92012014830807
2025,6,1,3,20787.0,20787,0.1338559445503051,0.1338559445503051,0.0006439406578645,20787,OBC-NCL,NIT,NIT,Safe,20787,National Institute of Technology Goa,Electronics and Communication Engineering,HS,Gender-Neutral,100.0,1.0,20618.625813792143,20787.61683983919,20947.62452109601,5787,0.2783951508154135,105.56790301630826
2025,6,1,3,19587.0,19587,0.165583984577097,0.165583984577097,0.0008453769570485,18302,OBC-NCL,NIT,NIT,Safe,19587,"National Institute of Technology, Uttarakhand",Electronics and Communication Engineering,HS,Gender-Neutral,100.0,1.0,19428.624670003293,19583.994102231274,19752.646429207212,4587,0.23418593965385204,104.68371879307705
2025,6,1,3,16313.0,16313,0.0790709762950427,0.0790709762950427,0.0004847114344084,15826,OBC-NCL,NIT,NIT,Safe,16313,National Institute of Technology Nagaland,Electronics and Instrumentation Engineering,OS,Gender-Neutral,100.0,1.0,16152.719431994967,16314.93426091162,16472.676398092197,1313,0.08048795439220253,101.60975908784405
2025,6,1,3,16006.0,16006,0.0559889654032303,0.0559889654032303,0.0003497998588231,15105,OBC-NCL,NIT,NIT,Safe,16006,National Institute of Technology Nagaland,Electrical and Electronics Engineering,OS,Gender-Neutral,100.0,1.0,15837.133241423047,16006.111537365816,16181.960253289923,1006,0.06285143071348244,101.25702861426964
2025,6,1,3,14702.0,14702,-0.0152109625778393,0.0152109625778393,0.0001034618594602,12162,OBC-NCL,NIT,NIT,Ambitious,14702,National Institute of Technology Raipur,Electronics and Communication Engineering,HS,Gender-Neutral,100.0,0.001,14532.0965471839,14705.705358447925,14868.724453813184,-298,-0.020269351108692695,-0.30538702217385394
2025,6,1,3,13901.0,13901,-0.0315332099435181,0.0315332099435181,0.0002268413059745,13528,OBC-NCL,NIT,NIT,Ambitious,13901,National Institute of Technology Nagaland,Electronics and Communication Engineering,OS,Gender-Neutral,100.0,0.0,13747.95279503151,13898.44482664878,14064.87637288109,-1099,-0.07905906049924466,-1.5811812099848932
2025,6,1,3,13601.0,13601,-0.0256976921336899,0.0256976921336899,0.0001889397260031,12849,OBC-NCL,NIT,NIT,Ambitious,13601,National Institute of Technology Meghalaya,Electrical and Electronics Engineering,OS,Gender-Neutral,100.0,0.0,13433.588249988448,13603.810023974042,13761.601971935464,-1399,-0.10286008381736637,-2.0572016763473275
2025,6,1,3,13265.0,13265,-0.0491226206104329,0.0491226206104329,0.0003703175319293,13068,OBC-NCL,NIT,NIT,Ambitious,13265,"National Institute of Technology, Mizoram",Electronics and Communication Engineering,OS,Gender-Neutral,100.0,0.0,13103.170068498734,13261.326920643238,13431.414385497097,-1735,-0.13079532604598568,-2.6159065209197134
2025,6,1,3,13103.0,13103,-0.0783668351377855,0.0783668351377855,0.0005980831499487,11365,OBC-NCL,NIT,NIT,Ambitious,13103,"National Institute of Technology, Andhra Pradesh",Electrical and Electronics Engineering,HS,Gender-Neutral,100.0,0.0,12933.60904950439,13102.567156490928,13265.56566000167,-1897,-0.14477600549492484,-2.895520109898497
2025,6,1,3,12767.0,12767,-0.0428488757170271,0.0428488757170271,0.0003356221173104,12716,OBC-NCL,NIT,NIT,Ambitious,12767,National Institute of Technology Sikkim,Electrical and Electronics Engineering,OS,Gender-Neutral,100.0,0.0,12611.430918825523,12764.228680311713,12926.761651857565,-2233,-0.17490404950262395,-3.498080990052479
2025,6,1,3,12722.0,12722,-0.0709639743909065,0.0709639743909065,0.0005578051752154,12273,OBC-NCL,NIT,NIT,Ambitious,12722,"National Institute of Technology, Manipur",Electronics and Communication Engineering,OS,Gender-Neutral,100.0,0.0,12548.572945410055,12720.54043515728,12886.977839434281,-2278,-0.17905989624272914,-3.5811979248545827
2025,6,1,3,12571.0,12571,-0.0693576970243157,0.0693576970243157,0.0005517277625035,12122,OBC-NCL,NIT,NIT,Ambitious,12571,National Institute of Technology Arunachal Pradesh,Electronics and Communication Engineering,OS,Gender-Neutral,100.0,0.0,12407.409637285971,12574.478348209988,12736.623398993854,-2429,-0.1932224962214621,-3.864449924429242
2025,6,1,3,12558.0,12558,-0.0609699095330142,0.0609699095330142,0.0004855065259835,10744,OBC-NCL,NIT,NIT,Ambitious,12558,National Institute of Technology Agartala,Electronics and Instrumentation Engineering,OS,Gender-Neutral,100.0,0.0,12395.415393839501,12555.051546615741,12707.598067177356,-2442,-0.19445771619684663,-3.8891543239369324
2025,6,1,3,12452.0,12452,-0.1315543221171538,0.1315543221171538,0.0010564915043137,7624,OBC-NCL,NIT,NIT,Ambitious,12452,National Institute of Technology Durgapur,Electronics and Communication Engineering,HS,Gender-Neutral,100.0,0.0,12291.034729048872,12452.207719435672,12627.4596191038,-2548,-0.20462576292964985,-4.0925152585929965
2025,6,1,3,11660.0,11660,-0.0932628771388408,0.0932628771388408,0.0007998531487036,10084,OBC-NCL,NIT,NIT,Ambitious,11660,"National Institute of Technology, Andhra Pradesh",Electrical and Electronics Engineering,OS,Gender-Neutral,100.0,0.0,11499.648201208809,11654.750601362317,11820.21344367442,-3340,-0.2864493996569468,-5.7289879931389365
2025,6,1,3,11380.0,11380,-0.1032376650327933,0.1032376650327933,0.0009071851057363,10428,OBC-NCL,NIT,NIT,Ambitious,11380,"National Institute of Technology, Srinagar",Electronics and Communication Engineering,OS,Gender-Neutral,100.0,0.0,11226.50793470691,11383.553042570114,11542.325208525792,-3620,-0.3181019332161687,-6.362038664323374
2025,6,1,3,11076.0,11076,-0.1336844764464331,0.1336844764464331,0.0012069743268908,10505,OBC-NCL,NIT,NIT,Ambitious,11076,National Institute of Technology Sikkim,Electronics and Communication Engineering,OS,Gender-Neutral,100.0,0.0,10911.529030788186,11073.904441013316,11232.437836492221,-3924,-0.3542795232936078,-7.085590465872156
2025,6,1,3,10711.0,10711,-0.1347039833999588,0.1347039833999588,0.0012576228494067,10047,OBC-NCL,NIT,NIT,Ambitious,10711,National Institute of Technology Puducherry,Electrical and Electronics Engineering,OS,Gender-Neutral,100.0,0.0,10549.055748371331,10711.81301723192,10880.446028908043,-4289,-0.40042946503594434,-8.008589300718887
2025,6,1,3,10293.0,10293,-0.1601808523955696,0.1601808523955696,0.0015562115262369,9591,OBC-NCL,NIT,NIT,Ambitious,10293,"National Institute of Technology, Uttarakhand",Electrical and Electronics Engineering,OS,Gender-Neutral,100.0,0.0,10125.93182509957,10295.48560633375,10464.094261369437,-4707,-0.45730107840279804,-9.14602156805596
2025,6,1,3,10275.0,10275,-0.2204725790397788,0.2204725790397788,0.0021457185308007,6810,OBC-NCL,NIT,NIT,Ambitious,10275,"National Institute of Technology, Kurukshetra",Microelectronics & VLSI Engineering,HS,Gender-Neutral,100.0,0.0,10088.455844853126,10272.492059014738,10431.027280775425,-4725,-0.45985401459854014,-9.197080291970803
2025,6,1,3,9594.0,9594,-0.1880236916695139,0.1880236916695139,0.0019598049996822,9155,OBC-NCL,NIT,NIT,Ambitious,9594,National Institute of Technology Meghalaya,Electronics and Communication Engineering,OS,Gender-Neutral,100.0,0.0,9422.518780551934,9596.536972783062,9766.948452045912,-5406,-0.5634771732332708,-11.269543464665418
2025,6,1,3,9224.0,9224,-0.216407558425999,0.216407558425999,0.0023461357158065,7740,OBC-NCL,NIT,NIT,Ambitious,9224,"National Institute of Technology, Andhra Pradesh",Electronics and Communication Engineering,HS,Gender-Neutral,100.0,0.0,9060.682339905285,9219.804057331767,9392.397909081888,-5776,-0.6261925411968777,-12.523850823937554
2025,6,1,3,9205.0,9205,-0.2099751441819535,0.2099751441819535,0.0022810987961103,7117,OBC-NCL,NIT,NIT,Ambitious,9205,"National Institute of Technology, Andhra Pradesh",Electronics and Communication Engineering,OS,Gender-Neutral,100.0,0.0,9043.3784534973,9207.642355017886,9367.729769040609,-5795,-0.6295491580662683,-12.590983161325367
2025,6,1,3,9087.0,9087,-0.2076360448863852,0.2076360448863852,0.0022849790347351,7943,OBC-NCL,NIT,NIT,Ambitious,9087,National Institute of Technology Agartala,Electronics and Communication Engineering,OS,Gender-Neutral,100.0,0.0,8931.118397569215,9090.623826667399,9254.753686540955,-5913,-0.650709805216243,-13.01419610432486
2025,6,1,3,9047.0,9047,-0.2804958717933914,0.2804958717933914,0.0031004296650093,5287,OBC-NCL,NIT,NIT,Ambitious,9047,"Sardar Vallabhbhai National Institute of Technology, Surat",Electronics and VLSI Engineering,HS,Gender-Neutral,100.0,0.0,8892.12322553456,9048.312431878356,9206.452705796179,-5953,-0.658008179507019,-13.160163590140378
2025,6,1,3,8984.0,8984,-0.2317061264257063,0.2317061264257063,0.0025790975782024,8606,OBC-NCL,NIT,NIT,Ambitious,8984,National Institute of Technology Patna,Electronics Engineering (VLSI Design and Technology),HS,Gender-Neutral,100.0,0.0,8815.992472369007,8977.954061012086,9139.60879523464,-6016,-0.6696349065004452,-13.392698130008904
2025,6,1,3,8638.0,8638,-0.2324468331607931,0.2324468331607931,0.0026909797772724,5795,OBC-NCL,NIT,NIT,Ambitious,8638,National Institute of Technology Delhi,Electronics and Communication Engineering,HS,Gender-Neutral,100.0,0.0,8468.223476804958,8638.225669146368,8801.196768401753,-6362,-0.7365130817318823,-14.730261634637646
2025,6,1,3,8527.0,8527,-0.3167378899961477,0.3167378899961477,0.0037145290254033,8461,OBC-NCL,NIT,NIT,Ambitious,8527,National Institute of Technology Patna,Electronics and Communication Engineering with Specialization in Microelectronics and VLSI System Design,HS,Gender-Neutral,100.0,0.0,8355.033872549882,8524.176559859468,8702.50953921961,-6473,-0.7591180954614754,-15.182361909229506
2025,6,1,3,8295.0,8295,-0.2580581559595885,0.2580581559595885,0.0031110085106641,7545,OBC-NCL,NIT,NIT,Ambitious,8295,National Institute of Technology Patna,Electronics Engineering (VLSI Design and Technology),OS,Gender-Neutral,100.0,0.0,8136.5364490262955,8298.66362364497,8457.311074987389,-6705,-0.8083182640144665,-16.16636528028933
2025,6,1,3,8293.0,8293,-0.2296381228916288,0.2296381228916288,0.0027690597237625,6438,OBC-NCL,NIT,NIT,Ambitious,8293,National Institute of Technology Goa,Electrical and Electronics Engineering,OS,Gender-Neutral,100.0,0.0,8124.406197209933,8299.591926557045,8458.622548644269,-6707,-0.8087543711563969,-16.175087423127938
2025,6,1,3,7971.0,7971,-0.2486552094196668,0.2486552094196668,0.00311949829908,6945,OBC-NCL,NIT,NIT,Ambitious,7971,"National Institute of Technology, Uttarakhand",Electronics and Communication Engineering,OS,Gender-Neutral,100.0,0.0,7806.634312945633,7971.615424571575,8129.11216838251,-7029,-0.881821603312006,-17.63643206624012
2025,6,1,3,7517.0,7517,-0.2720791994861429,0.2720791994861429,0.0036195184180676,6677,OBC-NCL,NIT,NIT,Ambitious,7517,National Institute of Technology Puducherry,Electronics and Communication Engineering,OS,Gender-Neutral,100.0,0.0,7348.402381547911,7513.854193274172,7682.340843211285,-7483,-0.9954769189836371,-19.909538379672743
2025,6,1,3,7470.0,7470,-0.2846238451002136,0.2846238451002136,0.0038102255033495,4343,OBC-NCL,NIT,NIT,Ambitious,7470,"Sardar Vallabhbhai National Institute of Technology, Surat",Electronics and Communication Engineering,HS,Gender-Neutral,100.0,0.0,7303.791441602544,7479.225692356949,7629.5123831933715,-7530,-1.0080321285140563,-20.160642570281126
2025,6,1,3,7318.0,7318,-0.2848259500124186,0.2848259500124186,0.0038921283139166,6628,OBC-NCL,NIT,NIT,Ambitious,7318,National Institute of Technology Patna,Electronics and Communication Engineering,HS,Gender-Neutral,100.0,0.0,7148.903779091879,7327.408759070715,7489.8781566058,-7682,-1.0497403662202787,-20.994807324405574
2025,6,1,3,7259.0,7259,-0.2662288122401151,0.2662288122401151,0.0036675687042308,6451,OBC-NCL,NIT,NIT,Ambitious,7259,"National Institute of Technology, Silchar",Electronics and Instrumentation Engineering,OS,Gender-Neutral,100.0,0.0,7100.932517880339,7257.7592271447875,7438.6212676952155,-7741,-1.0664003306240528,-21.328006612481055
2025,6,1,3,7136.0,7136,-0.3698946878948845,0.3698946878948845,0.0051835017922489,6884,OBC-NCL,NIT,NIT,Ambitious,7136,National Institute of Technology Patna,Electronics and Communication Engineering with Specialization in Microelectronics and VLSI System Design,OS,Gender-Neutral,100.0,0.0,6979.115592286241,7134.908298009129,7300.860657679556,-7864,-1.102017937219731,-22.04035874439462
2025,6,1,3,6762.0,6762,-0.3088182276451334,0.3088182276451334,0.0045669658036843,5312,OBC-NCL,NIT,NIT,Ambitious,6762,"National Institute of Technology, Kurukshetra",Electronics and Communication Engineering,HS,Gender-Neutral,100.0,0.0,6604.11535864914,6761.32308629583,6930.421378300373,-8238,-1.2182786157941436,-24.365572315882872
2025,6,1,3,6659.0,6659,-0.3021730436212237,0.3021730436212237,0.00453781414058,5926,OBC-NCL,NIT,NIT,Ambitious,6659,National Institute of Technology Hamirpur,Electronics and Communication Engineering,OS,Gender-Neutral,100.0,0.0,6493.68450684317,6657.754527159057,6810.673397324873,-8341,-1.2525904790509086,-25.051809581018173
2025,6,1,3,6574.0,6574,-0.295681432659876,0.295681432659876,0.0044977400769679,5924,OBC-NCL,NIT,NIT,Ambitious,6574,National Institute of Technology Patna,Electronics and Communication Engineering,OS,Gender-Neutral,100.0,0.0,6408.553396115674,6575.827830729013,6733.661858398305,-8426,-1.2817158503194401,-25.6343170063888
2025,6,1,3,6554.0,6554,-0.2959250349740614,0.2959250349740614,0.004515182102137,5866,OBC-NCL,NIT,NIT,Ambitious,6554,"National Institute of Technology, Rourkela",Electronics and Instrumentation Engineering,HS,Gender-Neutral,100.0,0.0,6396.8966540757665,6560.638106363418,6730.61814405638,-8446,-1.2886786695148,-25.773573390296
2025,6,1,3,6376.0,6376,-0.3459375064248888,0.3459375064248888,0.0054256196114317,5363,OBC-NCL,NIT,NIT,Ambitious,6376,National Institute of Technology Raipur,Electronics and Communication Engineering,OS,Gender-Neutral,100.0,0.0,6225.755384863915,6373.606106857163,6535.216825416827,-8624,-1.3525721455457966,-27.05144291091593
2025,6,1,3,6192.0,6192,-0.3249398248926809,0.3249398248926809,0.0052477361901272,5218,OBC-NCL,NIT,NIT,Ambitious,6192,National Institute of Technology Goa,Electronics and Communication Engineering,OS,Gender-Neutral,100.0,0.0,6017.919121205136,6196.3270961370945,6354.755995484453,-8808,-1.4224806201550388,-28.449612403100776
2025,6,1,3,6176.0,6176,-0.3948383178021686,0.3948383178021686,0.0063931074773667,5928,OBC-NCL,NIT,NIT,Ambitious,6176,"Dr. B R Ambedkar National Institute of Technology, Jalandhar",Electronics and VLSI Engineering,OS,Gender-Neutral,100.0,0.0,6005.755521371488,6180.580456936212,6352.740286640022,-8824,-1.4287564766839378,-28.575129533678755
2025,6,1,3,6149.0,6149,-0.3259523198448733,0.3259523198448733,0.0053008996559582,4498,OBC-NCL,NIT,NIT,Ambitious,6149,Maulana Azad National Institute of Technology Bhopal,Electronics and Communication Engineering,HS,Gender-Neutral,100.0,0.0,5983.293379408471,6149.584642444789,6312.091945966913,-8851,-1.4394210440722068,-28.788420881444136
2025,6,1,3,6119.0,6119,-0.3224638021965802,0.3224638021965802,0.0052698774668504,4744,OBC-NCL,NIT,NIT,Ambitious,6119,"National Institute of Technology, Silchar",Electronics and Communication Engineering,OS,Gender-Neutral,100.0,0.0,5957.756925103492,6115.511152637915,6277.074324782493,-8881,-1.4513809445987906,-29.027618891975813
2025,6,1,3,5871.0,5871,-0.331740805928348,0.331740805928348,0.0056504991641687,4751,OBC-NCL,NIT,NIT,Ambitious,5871,"Visvesvaraya National Institute of Technology, Nagpur",Electrical and Electronics Engineering,HS,Gender-Neutral,100.0,0.0,5711.789516944403,5867.154062559068,6040.5111354857945,-9129,-1.5549310168625448,-31.098620337250896
2025,6,1,3,5790.0,5790,-0.3313980568245824,0.3313980568245824,0.0057236279244314,4886,OBC-NCL,NIT,NIT,Ambitious,5790,"Dr. B R Ambedkar National Institute of Technology, Jalandhar",Electronics and Communication Engineering,OS,Gender-Neutral,100.0,0.0,5627.4207813189405,5786.443065723143,5950.913298606782,-9210,-1.5906735751295338,-31.813471502590676
2025,6,1,3,5759.0,5759,-0.3597656731371899,0.3597656731371899,0.0062470163767527,4834,OBC-NCL,NIT,NIT,Ambitious,5759,"National Institute of Technology, Rourkela",Electronics and Communication Engineering,HS,Gender-Neutral,100.0,0.0,5584.475898374055,5759.450189678575,5914.341871229304,-9241,-1.6046188574405278,-32.092377148810556
2025,6,1,3,5689.0,5689,-0.3968098903796999,0.3968098903796999,0.006975037623127,5375,OBC-NCL,NIT,NIT,Ambitious,5689,"Sardar Vallabhbhai National Institute of Technology, Surat",Electronics and VLSI Engineering,OS,Gender-Neutral,100.0,0.0,5514.211870639539,5687.08361256255,5850.268108795865,-9311,-1.6366672525927228,-32.73334505185446
2025,6,1,3,5641.0,5641,-0.3997133205393766,0.3997133205393766,0.0070858592543764,4731,OBC-NCL,NIT,NIT,Ambitious,5641,"National Institute of Technology, Kurukshetra",Microelectronics & VLSI Engineering,OS,Gender-Neutral,100.0,0.0,5482.088729773376,5638.206252054319,5808.693866224061,-9359,-1.6591029959227088,-33.18205991845418
2025,6,1,3,5454.0,5454,-0.3409758473335387,0.3409758473335387,0.0062518490526868,4125,OBC-NCL,NIT,NIT,Ambitious,5454,"Visvesvaraya National Institute of Technology, Nagpur",Electrical and Electronics Engineering,OS,Gender-Neutral,100.0,0.0,5290.004206884666,5454.9308825702665,5626.645131660469,-9546,-1.7502750275027503,-35.005500550055004
2025,6,1,3,5410.0,5410,-0.3523595150509209,0.3523595150509209,0.0065131148807933,3796,OBC-NCL,NIT,NIT,Ambitious,5410,Maulana Azad National Institute of Technology Bhopal,Electronics and Communication Engineering,OS,Gender-Neutral,100.0,0.0,5243.308318895835,5406.612455368155,5581.186431522562,-9590,-1.7726432532347505,-35.45286506469501
2025,6,1,3,5127.0,5127,-0.3661086908068682,0.3661086908068682,0.00714079755816,3863,OBC-NCL,NIT,NIT,Ambitious,5127,"Sardar Vallabhbhai National Institute of Technology, Surat",Electronics and Communication Engineering,OS,Gender-Neutral,100.0,0.0,4967.139487474059,5122.074217898746,5292.854157376475,-9873,-1.9256875365710941,-38.51375073142188
2025,6,1,3,5091.0,5091,-0.3435486019770906,0.3435486019770906,0.0067481556074855,4313,OBC-NCL,NIT,NIT,Ambitious,5091,National Institute of Technology Calicut,Electrical and Electronics Engineering,HS,Gender-Neutral,100.0,0.0,4918.712338626389,5090.26598299408,5244.539478135151,-9909,-1.9463759575721862,-38.927519151443725
2025,6,1,3,4922.0,4922,-0.3701183968660189,0.3701183968660189,0.0075196748652177,4582,OBC-NCL,NIT,NIT,Ambitious,4922,"National Institute of Technology, Jamshedpur",Electronics and Communication Engineering,HS,Gender-Neutral,100.0,0.0,4758.5967629879215,4922.167189126145,5109.145675663166,-10078,-2.0475416497358796,-40.950832994717594
2025,6,1,3,4730.0,4730,-0.3758985486801975,0.3758985486801975,0.0079471151940845,3389,OBC-NCL,NIT,NIT,Ambitious,4730,"National Institute of Technology, Jamshedpur",Electronics and Communication Engineering,OS,Gender-Neutral,100.0,0.0,4580.812471704114,4738.951105363511,4897.47356195002,-10270,-2.171247357293869,-43.424947145877375
2025,6,1,3,4705.0,4705,-0.3838397773033648,0.3838397773033648,0.0081581249161182,4244,OBC-NCL,NIT,NIT,Ambitious,4705,"National Institute of Technology, Kurukshetra",Electronics and Communication Engineering,OS,Gender-Neutral,100.0,0.0,4554.5557758892855,4710.056285229672,4862.775834389539,-10295,-2.1880977683315623,-43.76195536663125
2025,6,1,3,4703.0,4703,-0.383536682531485,0.383536682531485,0.0081551495328829,3367,OBC-NCL,NIT,NIT,Ambitious,4703,"Visvesvaraya National Institute of Technology, Nagpur",Electronics and Communication Engineering,HS,Gender-Neutral,100.0,0.0,4550.022172753991,4711.6022234648735,4876.115335983974,-10297,-2.18945354029343,-43.7890708058686
2025,6,1,3,4664.0,4664,-0.3697589399325807,0.3697589399325807,0.0079279361049009,3749,OBC-NCL,NIT,NIT,Ambitious,4664,"National Institute of Technology Karnataka, Surathkal",Electrical and Electronics Engineering,HS,Gender-Neutral,100.0,0.0,4508.184847278452,4658.564823342094,4816.459466780552,-10336,-2.216123499142367,-44.32246998284734
2025,6,1,3,4612.0,4612,-0.3823609583287179,0.3823609583287179,0.0082905671797206,3626,OBC-NCL,NIT,NIT,Ambitious,4612,National Institute of Technology Durgapur,Electronics and Communication Engineering,OS,Gender-Neutral,100.0,0.0,4446.484409868711,4610.358809108335,4774.44507972906,-10388,-2.2523850823937552,-45.0477016478751
2025,6,1,3,4430.0,4430,-0.3786217875494913,0.3786217875494913,0.0085467672133068,3093,OBC-NCL,NIT,NIT,Ambitious,4430,National Institute of Technology Calicut,Electrical and Electronics Engineering,OS,Gender-Neutral,100.0,0.0,4264.114242278511,4426.673195944666,4592.331016128494,-10570,-2.386004514672686,-47.72009029345372
2025,6,1,3,4292.0,4292,-0.4108229974099231,0.4108229974099231,0.009571831253726,3107,OBC-NCL,NIT,NIT,Ambitious,4292,National Institute of Technology Calicut,Electronics and Communication Engineering,HS,Gender-Neutral,100.0,0.0,4129.510497244066,4302.2648886739935,4463.785768551588,-10708,-2.494874184529357,-49.89748369058714
2025,6,1,3,4102.0,4102,-0.4019514284373144,0.4019514284373144,0.0097989134187546,3496,OBC-NCL,NIT,NIT,Ambitious,4102,"Visvesvaraya National Institute of Technology, Nagpur",Electronics and Communication Engineering,OS,Gender-Neutral,100.0,0.0,3934.361064244497,4101.466773668579,4264.455906312572,-10898,-2.6567528035104826,-53.13505607020965
2025,6,1,3,4096.0,4096,-0.401016396108389,0.401016396108389,0.0097904393581149,2697,OBC-NCL,NIT,NIT,Ambitious,4096,"National Institute of Technology, Warangal",Electrical and Electronics Engineering,HS,Gender-Neutral,100.0,0.0,3930.9348210243284,4097.537487315836,4263.085461611916,-10904,-2.662109375,-53.2421875
2025,6,1,3,4020.0,4020,-0.4017287156075326,0.4017287156075326,0.0099932516320281,3668,OBC-NCL,NIT,NIT,Ambitious,4020,National Institute of Technology Delhi,Electronics and Communication Engineering,OS,Gender-Neutral,100.0,0.0,3855.4624097352844,4021.8733874268155,4187.725761376733,-10980,-2.7313432835820897,-54.626865671641795
2025,6,1,3,3932.0,3932,-0.3923363250396505,0.3923363250396505,0.009978034716166,2915,OBC-NCL,NIT,NIT,Ambitious,3932,"National Institute of Technology, Rourkela",Electronics and Instrumentation Engineering,OS,Gender-Neutral,100.0,0.0,3755.5717750973936,3924.3368717314534,4092.1455820834876,-11068,-2.814852492370295,-56.2970498474059
2025,6,1,3,3862.0,3862,-0.4204097160018136,0.4204097160018136,0.0108858031072453,2680,OBC-NCL,NIT,NIT,Ambitious,3862,"National Institute of Technology Karnataka, Surathkal",Electronics and Communication Engineering,HS,Gender-Neutral,100.0,0.0,3704.802484654115,3864.5076107209925,4035.628879813985,-11138,-2.883997928534438,-57.67995857068876
2025,6,1,3,3714.0,3714,-0.4122806016912363,0.4122806016912363,0.0111007162544759,2769,OBC-NCL,NIT,NIT,Ambitious,3714,Malaviya National Institute of Technology Jaipur,Electronics and Communication Engineering,OS,Gender-Neutral,100.0,0.0,3550.821699457084,3717.7025222455272,3882.126395184185,-11286,-3.038772213247173,-60.77544426494346
2025,6,1,3,3676.0,3676,-0.4267869459290523,0.4267869459290523,0.0116100910209209,2626,OBC-NCL,NIT,NIT,Ambitious,3676,Motilal Nehru National Institute of Technology Allahabad,Electronics and Communication Engineering,HS,Gender-Neutral,100.0,0.0,3519.0455721517606,3679.855438082929,3830.667716613953,-11324,-3.0805223068552774,-61.61044613710555
2025,6,1,3,3569.0,3569,-0.4273655861925363,0.4273655861925363,0.0119743789911049,2648,OBC-NCL,NIT,NIT,Ambitious,3569,Malaviya National Institute of Technology Jaipur,Electronics and Communication Engineering,HS,Gender-Neutral,100.0,0.0,3400.1316601254434,3566.3912358161797,3729.5093765087486,-11431,-3.202857943401513,-64.05715886803026
2025,6,1,3,3035.0,3035,-0.4297849695394689,0.4297849695394689,0.0141609545153037,2175,OBC-NCL,NIT,NIT,Ambitious,3035,"National Institute of Technology, Warangal",Electrical and Electronics Engineering,OS,Gender-Neutral,100.0,0.0,2879.416484463603,3030.8706221414996,3194.4322372504853,-11965,-3.942339373970346,-78.84678747940691
2025,6,1,3,2976.0,2976,-0.443031786580832,0.443031786580832,0.0148868207856462,1937,OBC-NCL,NIT,NIT,Ambitious,2976,Motilal Nehru National Institute of Technology Allahabad,Electronics and Communication Engineering,OS,Gender-Neutral,100.0,0.0,2824.083163665685,2974.633750495289,3154.834992837173,-12024,-4.040322580645161,-80.80645161290322
2025,6,1,3,2961.0,2961,-0.4387903854621982,0.4387903854621982,0.0148189930922728,2202,OBC-NCL,NIT,NIT,Ambitious,2961,National Institute of Technology Calicut,Electronics and Communication Engineering,OS,Gender-Neutral,100.0,0.0,2802.264913101856,2956.2181542440135,3110.190792140324,-12039,-4.065856129685917,-81.31712259371835
2025,6,1,3,2537.0,2537,-0.4566108117978729,0.4566108117978729,0.0179980611666485,2136,OBC-NCL,NIT,NIT,Ambitious,2537,"National Institute of Technology, Tiruchirappalli",Electrical and Electronics Engineering,HS,Gender-Neutral,100.0,0.0,2372.8873405063605,2537.297722972975,2700.035642221125,-12463,-4.912495072920772,-98.24990145841545
2025,6,1,3,2498.0,2498,-0.4496450556434865,0.4496450556434865,0.0180002023876495,2122,OBC-NCL,NIT,NIT,Ambitious,2498,"National Institute of Technology Karnataka, Surathkal",Electrical and Electronics Engineering,OS,Gender-Neutral,100.0,0.0,2348.539563348746,2494.502463876601,2658.797902387342,-12502,-5.00480384307446,-100.0960768614892
2025,6,1,3,2314.0,2315,-0.5483946423901216,0.5483946423901216,0.023698990595943,2154,OBC-NCL,NIT,NIT,Ambitious,2314,"National Institute of Technology, Warangal",Electronics and Communication Engineering (VLSI Design and Technology),HS,Gender-Neutral,100.0,0.0,2144.8136253552043,2316.4336034472885,2478.020075712307,-12685,-5.479481641468682,-109.58963282937364
2025,6,1,3,2288.0,2288,-0.4603396436159528,0.4603396436159528,0.0201197396685294,1690,OBC-NCL,NIT,NIT,Ambitious,2288,"National Institute of Technology, Tiruchirappalli",Electrical and Electronics Engineering,OS,Gender-Neutral,100.0,0.0,2111.5407686688773,2291.285266349053,2437.495400043219,-12712,-5.555944055944056,-111.11888111888112
2025,6,1,3,2131.0,2131,-0.4684425319046568,0.4684425319046568,0.0219822868092283,1253,OBC-NCL,NIT,NIT,Ambitious,2131,"National Institute of Technology, Rourkela",Electronics and Communication Engineering,OS,Gender-Neutral,100.0,0.0,1968.197483725565,2129.762023995556,2302.8943470216877,-12869,-6.0389488503050215,-120.77897700610043
2025,6,1,3,2125.0,2125,-0.4814559651313175,0.4814559651313175,0.0226567513002972,1637,OBC-NCL,NIT,NIT,Ambitious,2125,"National Institute of Technology, Warangal",Electronics and Communication Engineering,HS,Gender-Neutral,100.0,0.0,1956.465640769062,2133.483638955624,2301.7066710848817,-12875,-6.0588235294117645,-121.17647058823529
2025,6,1,3,2016.0,2017,-0.5559283772090566,0.5559283772090566,0.0275758123615603,1908,OBC-NCL,NIT,NIT,Ambitious,2016,"National Institute of Technology, Warangal",Electronics and Communication Engineering (VLSI Design and Technology),OS,Gender-Neutral,100.0,0.0,1859.4773630761126,2019.2964125412673,2173.6224440175724,-12983,-6.4367873078829945,-128.7357461576599
2025,6,1,3,2013.0,2013,-0.4820173044481635,0.4820173044481635,0.0239452212840617,1523,OBC-NCL,NIT,NIT,Ambitious,2013,"National Institute of Technology, Tiruchirappalli",Electronics and Communication Engineering,HS,Gender-Neutral,100.0,0.0,1846.7359037003775,2016.9404625555806,2168.7191515919335,-12987,-6.451564828614009,-129.03129657228018
2025,6,1,3,1927.0,1927,-0.4756292267356912,0.4756292267356912,0.0246823677600254,1435,OBC-NCL,NIT,NIT,Ambitious,1927,"National Institute of Technology, Warangal",Electronics and Communication Engineering,OS,Gender-Neutral,100.0,0.0,1776.4666376384594,1929.3309946838122,2092.3604844394135,-13073,-6.784120394395433,-135.68240788790865
2025,6,1,3,1795.0,1795,-0.4824849006890872,0.4824849006890872,0.0268793816539881,1353,OBC-NCL,NIT,NIT,Ambitious,1795,"National Institute of Technology Karnataka, Surathkal",Electronics and Communication Engineering,OS,Gender-Neutral,100.0,0.0,1639.0655825397214,1800.6827132322426,1955.322829399285,-13205,-7.3565459610027855,-147.13091922005572
2025,6,1,3,1240.0,1240,-0.4993488642830925,0.4993488642830925,0.0402700697002494,852,OBC-NCL,NIT,NIT,Ambitious,1240,"National Institute of Technology, Tiruchirappalli",Electronics and Communication Engineering,OS,Gender-Neutral,100.0,0.0,1075.7284288440264,1236.038349144328,1406.278661060198,-13760,-11.096774193548388,-221.93548387096774
2025,6,2,3,626254.0,626229,24.953836616361517,24.953836616361517,0.0039846191188178,381812,OPEN,NIT,NIT,Safe,626254,"National Institute of Technology, Mizoram",Civil Engineering,HS,Female-only,100.0,1.0,626060.3740215005,626233.1699542605,626400.9780961372,586229,0.9361256026150179,118.72251205230036
2025,6,2,3,366127.0,366110,16.571961728681345,16.571961728681345,0.0045262877986822,132276,OPEN,NIT,NIT,Safe,366127,National Institute of Technology Sikkim,Civil Engineering,HS,Female-only,100.0,1.0,365947.2644552296,366109.73275632004,366269.1795844027,326110,0.8907432192510447,117.8148643850209
2025,6,2,3,287849.0,287838,10.50593735295115,10.50593735295115,0.0036498085291076,287849,OPEN,NIT,NIT,Safe,287849,"National Institute of Technology, Manipur",Civil Engineering,HS,Female-only,100.0,1.0,287658.4767634946,287838.09763462376,288010.2995004118,247838,0.8610329421410654,117.22065884282131
2025,6,2,3,259481.0,259471,9.930345521104757,9.930345521104757,0.0038270029486184,259481,OPEN,NIT,NIT,Safe,259481,National Institute of Technology Meghalaya,Civil Engineering,HS,Female-only,100.0,1.0,259292.60708175693,259473.76161394175,259639.0200411434,219471,0.8458401902332052,116.91680380466411
2025,6,2,3,237342.0,237333,9.006124446634203,9.006124446634203,0.0037945767907214,188054,OPEN,NIT,NIT,Safe,237342,National Institute of Technology Agartala,Civil Engineering,HS,Female-only,100.0,1.0,237175.3107986955,237330.19014052575,237500.57856723035,197333,0.8314604374444347,116.62920874888869
2025,6,2,3,178350.0,178345,5.035963936243206,5.035963936243206,0.0028236411192841,178350,OPEN,NIT,NIT,Safe,178350,National Institute of Technology Goa,Civil Engineering,STATE,Female-only,100.0,1.0,178171.64582591807,178344.41212570778,178511.88603134317,138345,0.7757156073901708,115.51431214780342
2025,6,2,3,168183.0,168173,9.841139920172282,9.841139920172282,0.0058514474829039,168183,OPEN,NIT,NIT,Safe,168183,National Institute of Technology Goa,Civil Engineering,HS,Female-only,100.0,1.0,168014.37946852762,168171.70379944076,168335.77399318252,128173,0.7621496910919113,115.24299382183823
2025,6,2,3,142541.0,142535,5.787412608915474,5.787412608915474,0.0040601739912835,116333,OPEN,NIT,NIT,Safe,142541,National Institute of Technology Puducherry,Civil Engineering,HS,Female-only,100.0,1.0,142376.84412697057,142534.82231396693,142692.5677408117,102535,0.7193671729750588,114.38734345950118
2025,6,2,3,135454.0,135449,4.63751997196232,4.63751997196232,0.0034236862491785,49411,OPEN,NIT,NIT,Safe,135454,"National Institute of Technology, Srinagar",Civil Engineering,STATE,Female-only,100.0,1.0,135289.19265622296,135451.39911088703,135611.3282244473,95449,0.7046858965367039,114.09371793073407
2025,6,2,3,111972.0,111968,3.8691049219632982,3.8691049219632982,0.003455421821494,84534,OPEN,NIT,NIT,Safe,111972,National Institute of Technology Hamirpur,Civil Engineering,HS,Female-only,100.0,1.0,111803.39746365006,111958.94584535842,112126.1140076282,71968,0.6427550728779652,112.8551014575593
2025,6,2,3,103145.0,103142,3.4753742918837816,3.4753742918837816,0.0033694064587559,66063,OPEN,NIT,NIT,Safe,103145,"National Institute of Technology, Silchar",Civil Engineering,HS,Female-only,100.0,1.0,102977.16767673231,103147.63097224013,103305.93500860567,63142,0.6121851428128211,112.24370285625642
2025,6,2,3,91760.0,91757,2.9432825238327496,2.9432825238327496,0.0032075877548308,74075,OPEN,NIT,NIT,Safe,91760,National Institute of Technology Raipur,Civil Engineering,HS,Female-only,100.0,1.0,91588.90413718512,91762.93123266153,91929.38605430705,51757,0.564065956820733,111.28131913641467
2025,6,2,3,77436.0,77434,2.330454309529159,2.330454309529159,0.0030095231023414,62661,OPEN,NIT,NIT,Safe,77436,"National Institute of Technology, Jamshedpur",Civil Engineering,HS,Female-only,100.0,1.0,77269.61144540214,77438.49136824702,77599.819755295,37434,0.4834310509595268,109.66862101919054
2025,6,2,3,77201.0,77198,2.5754376370459795,2.5754376370459795,0.0033360159027033,76976,OPEN,NIT,NIT,Safe,77201,"National Institute of Technology, Manipur",Civil Engineering,OS,Female-only,100.0,1.0,77036.99980049461,77204.26139659714,77375.13134051292,37198,0.4818518614471877,109.63703722894375
2025,6,2,3,73722.0,73720,2.434895949903876,2.434895949903876,0.0033028077777378,73722,OPEN,NIT,NIT,Safe,73722,National Institute of Technology Nagaland,Civil Engineering,OS,Female-only,100.0,1.0,73558.83163493872,73719.94024547061,73883.00939100502,33720,0.45740640260444926,109.14812805208899
2025,6,2,3,73295.0,73293,2.36295314587187,2.36295314587187,0.0032238940526255,72183,OPEN,NIT,NIT,Safe,73295,National Institute of Technology Arunachal Pradesh,Civil Engineering,OS,Female-only,100.0,1.0,73121.08352321509,73295.5190335495,73465.88889038912,33293,0.4542452894546546,109.08490578909309
2025,6,2,3,72788.0,72786,2.411769031896256,2.411769031896256,0.0033134157167338,68136,OPEN,NIT,NIT,Safe,72788,"National Institute of Technology, Srinagar",Civil Engineering,OS,Female-only,100.0,1.0,72611.50404694532,72783.4524072526,72942.79293368416,32786,0.45044376665842334,109.00887533316846
2025,6,2,3,72657.0,72655,2.382815459437552,2.382815459437552,0.0032795401123602,72657,OPEN,NIT,NIT,Safe,72657,"National Institute of Technology, Uttarakhand",Civil Engineering,HS,Female-only,100.0,1.0,72490.55414227578,72650.80188189984,72812.03026430173,32655,0.4494528938132269,108.98905787626454
2025,6,2,3,71333.0,71331,2.28906937269494,2.28906937269494,0.0032089907513982,71333,OPEN,NIT,NIT,Safe,71333,National Institute of Technology Sikkim,Civil Engineering,OS,Female-only,100.0,1.0,71166.84557985204,71327.06971209045,71490.74346036845,31331,0.43923399363530585,108.78467987270612
2025,6,2,3,70628.0,70626,2.358042897103587,2.358042897103587,0.003338679981174,70628,OPEN,NIT,NIT,Safe,70628,"National Institute of Technology, Mizoram",Civil Engineering,OS,Female-only,100.0,1.0,70460.3646733329,70627.74649696515,70792.81824769767,30626,0.4336363378925608,108.67272675785122
2025,6,2,3,70282.0,70280,2.201932164200116,2.201932164200116,0.0031329958797417,70282,OPEN,NIT,NIT,Safe,70282,National Institute of Technology Patna,Civil Engineering with Specialization in Construction Technology and Management,HS,Female-only,100.0,1.0,70118.89523435665,70280.9920675085,70442.67538012168,30280,0.43084803642572567,108.61696072851451
2025,6,2,3,69969.0,69967,2.2309324360394385,2.2309324360394385,0.0031884583687625,63031,OPEN,NIT,NIT,Safe,69969,National Institute of Technology Agartala,Civil Engineering,OS,Female-only,100.0,1.0,69784.13094225842,69966.46240240065,70124.90051618023,29967,0.4283019137593437,108.56603827518687
2025,6,2,3,69745.0,69743,2.2830350623698905,2.2830350623698905,0.0032734032007597,69382,OPEN,NIT,NIT,Safe,69745,National Institute of Technology Meghalaya,Civil Engineering,OS,Female-only,100.0,1.0,69567.28033560878,69738.88381841453,69910.49200338003,29743,0.4264657384970535,108.52931476994107
2025,6,2,3,66993.0,66991,1.848705052339937,1.848705052339937,0.0027595495832996,33022,OPEN,NIT,NIT,Safe,66993,"Sardar Vallabhbhai National Institute of Technology, Surat",Civil Engineering,HS,Female-only,100.0,1.0,66826.68281113857,66990.06755088567,67147.02963694934,26991,0.4029048678180651,108.0580973563613
2025,6,2,3,66687.0,66685,2.0792382350482512,2.0792382350482512,0.003117906391123,60076,OPEN,NIT,NIT,Safe,66687,National Institute of Technology Patna,Civil Engineering,HS,Female-only,100.0,1.0,66508.93323262285,66687.00240556244,66849.16346264952,26685,0.4001649546374747,108.0032990927495
2025,6,2,3,65156.0,65154,1.928630099944712,1.928630099944712,0.002960019184641,64084,OPEN,NIT,NIT,Safe,65156,"National Institute of Technology, Andhra Pradesh",Civil Engineering,HS,Female-only,100.0,1.0,64995.49385758675,65155.004545870266,65313.570618588805,25154,0.3860699266353562,107.72139853270713
2025,6,2,3,65033.0,65031,2.1041919492636225,2.1041919492636225,0.0032355757065853,60505,OPEN,NIT,NIT,Safe,65033,"National Institute of Technology, Silchar",Civil Engineering,OS,Female-only,100.0,1.0,64885.77136574194,65034.866661239736,65198.32134114861,25031,0.38490873583367935,107.69817471667359
2025,6,2,3,64698.0,64696,1.858228766679531,1.858228766679531,0.0028721579750216,54402,OPEN,NIT,NIT,Safe,64698,"Dr. B R Ambedkar National Institute of Technology, Jalandhar",Civil Engineering,HS,Female-only,100.0,1.0,64536.25171774088,64691.446180819396,64855.819911129765,24696,0.3817237541733647,107.6344750834673
2025,6,2,3,63154.0,63152,1.955337743842392,1.955337743842392,0.0030961423565291,57312,OPEN,NIT,NIT,Safe,63154,National Institute of Technology Raipur,Civil Engineering,OS,Female-only,100.0,1.0,62997.79072275584,63155.98225535247,63315.36787774082,23152,0.36660755003800355,107.33215100076006
2025,6,2,3,62620.0,62618,1.9656939085762133,1.9656939085762133,0.0031390832139511,56202,OPEN,NIT,NIT,Safe,62620,National Institute of Technology Patna,Civil Engineering,OS,Female-only,100.0,1.0,62456.709822878765,62612.51833576993,62777.431631656305,22618,0.3612060429908333,107.22412085981667
2025,6,2,3,61765.0,61763,1.8941649776897973,1.8941649776897973,0.003066728693742,61765,OPEN,NIT,NIT,Safe,61765,National Institute of Technology Patna,Civil Engineering with Specialization in Construction Technology and Management,OS,Female-only,100.0,1.0,61587.42414075026,61763.090176742844,61923.23357191365,21763,0.3523630652656121,107.04726130531225
2025,6,2,3,61534.0,61532,1.9548268904181896,1.9548268904181896,0.0031768240166707,54241,OPEN,NIT,NIT,Safe,61534,"National Institute of Technology, Andhra Pradesh",Civil Engineering,OS,Female-only,100.0,1.0,61370.305474215646,61521.433254183125,61680.57838948444,21532,0.34993174283299744,106.99863485665995
2025,6,2,3,60682.0,60680,1.891515195420652,1.891515195420652,0.0031170943532194,60682,OPEN,NIT,NIT,Safe,60682,"National Institute of Technology, Uttarakhand",Civil Engineering,OS,Female-only,100.0,1.0,60515.51516151855,60682.73546756113,60838.731375382406,20680,0.34080421885299933,106.81608437705998
2025,6,2,3,59514.0,59512,1.7283896793305755,1.7283896793305755,0.0029041732690301,54989,OPEN,NIT,NIT,Safe,59514,National Institute of Technology Puducherry,Civil Engineering,OS,Female-only,100.0,1.0,59355.4051103235,59511.6932844057,59677.48765577153,19512,0.3278666487431106,106.5573329748622
2025,6,2,3,59371.0,59369,1.7772652087151073,1.7772652087151073,0.0029934904392971,59371,OPEN,NIT,NIT,Safe,59371,National Institute of Technology Delhi,Civil Engineering,HS,Female-only,100.0,1.0,59202.70267460966,59370.815301623414,59527.43385546262,19369,0.3262477050312453,106.52495410062491
2025,6,2,3,58662.0,58660,1.8051422473945424,1.8051422473945424,0.0030771917892239,52725,OPEN,NIT,NIT,Safe,58662,"National Institute of Technology, Jamshedpur",Civil Engineering,OS,Female-only,100.0,1.0,58488.75281925005,58658.450945441815,58821.82285982527,18660,0.31810433003750427,106.36208660075009
2025,6,2,3,58653.0,58651,1.7522549990171683,1.7522549990171683,0.0029874942441429,51653,OPEN,NIT,NIT,Safe,58653,Maulana Azad National Institute of Technology Bhopal,Civil Engineering,HS,Female-only,100.0,1.0,58484.93049928706,58649.770421365465,58817.240319991506,18651,0.31799969309986187,106.35999386199724
2025,6,2,3,57755.0,57753,1.839237766660517,1.839237766660517,0.0031845515828248,52959,OPEN,NIT,NIT,Safe,57755,National Institute of Technology Hamirpur,Civil Engineering,OS,Female-only,100.0,1.0,57591.25288865389,57756.98745228886,57908.22074367762,17753,0.30739528682492684,106.14790573649853
2025,6,2,3,57059.0,57057,1.725879729630833,1.725879729630833,0.0030247283156571,53313,OPEN,NIT,NIT,Safe,57059,Maulana Azad National Institute of Technology Bhopal,Civil Engineering,OS,Female-only,100.0,1.0,56894.63205866444,57056.50683755324,57221.32948147405,17057,0.29894666736772,105.9789333473544
2025,6,2,3,55991.0,55989,1.6595752977082157,1.6595752977082157,0.0029640036750695,42935,OPEN,NIT,NIT,Safe,55991,"Dr. B R Ambedkar National Institute of Technology, Jalandhar",Civil Engineering,OS,Female-only,100.0,1.0,55819.63645895363,55984.24026156416,56155.69955725206,15989,0.2855739520262909,105.71147904052582
2025,6,2,3,54965.0,54963,1.6023393880823278,1.6023393880823278,0.0029151994689026,51952,OPEN,NIT,NIT,Safe,54965,National Institute of Technology Durgapur,Civil Engineering,HS,Female-only,100.0,1.0,54805.073160044594,54966.238581731566,55134.08601026329,14963,0.2722376871713698,105.4447537434274
2025,6,2,3,54243.0,54241,1.5602662360615795,1.5602662360615795,0.0028764379478671,44011,OPEN,NIT,NIT,Safe,54243,National Institute of Technology Durgapur,Civil Engineering,OS,Female-only,100.0,1.0,54078.92205562262,54246.83592213745,54424.88772617651,14241,0.262550469202264,105.25100938404528
2025,6,2,3,53663.0,53661,1.5956045667771832,1.5956045667771832,0.0029733793615287,49477,OPEN,NIT,NIT,Safe,53663,"Sardar Vallabhbhai National Institute of Technology, Surat",Civil Engineering,OS,Female-only,100.0,1.0,53500.54414768299,53658.15196657348,53823.23579532928,13661,0.25457967611486926,105.09159352229739
2025,6,2,3,53343.0,53342,1.4362568061696948,1.4362568061696948,0.0026924934971218,34243,OPEN,NIT,NIT,Safe,53343,Motilal Nehru National Institute of Technology Allahabad,Civil Engineering,HS,Female-only,100.0,1.0,53167.508066474984,53342.099988902904,53513.03741015095,13342,0.25012185519853025,105.0024371039706
2025,6,2,3,51765.0,51764,1.4811350870804745,1.4811350870804745,0.0028612674337495,40634,OPEN,NIT,NIT,Safe,51765,"National Institute of Technology, Kurukshetra",Civil Engineering,OS,Female-only,100.0,1.0,51606.910064441625,51762.96272727607,51916.718605884125,11764,0.22726218993895372,104.54524379877907
2025,6,2,3,51638.0,51636,1.5533483806575532,1.5533483806575532,0.003008149774696,48752,OPEN,NIT,NIT,Safe,51638,National Institute of Technology Goa,Civil Engineering,OS,Female-only,100.0,1.0,51466.69774816313,51642.6372616833,51801.768523383216,11636,0.22534665737082654,104.50693314741653
2025,6,2,3,51548.0,51547,1.4513120835399604,1.4513120835399604,0.0028154575997904,40377,OPEN,NIT,NIT,Safe,51548,"Visvesvaraya National Institute of Technology, Nagpur",Civil Engineering,HS,Female-only,100.0,1.0,51399.149715447034,51550.98204206521,51710.870048033416,11547,0.22400915669195104,104.48018313383902
2025,6,2,3,50416.0,50415,1.4578218249807833,1.4578218249807833,0.0028915856572928,39941,OPEN,NIT,NIT,Safe,50416,"Visvesvaraya National Institute of Technology, Nagpur",Civil Engineering,OS,Female-only,100.0,1.0,50259.43441702113,50411.41910171411,50570.29604406503,10415,0.20658534166418724,104.13170683328374
2025,6,2,3,49720.0,49719,1.4515705718513343,1.4515705718513343,0.0029194902893228,42070,OPEN,NIT,NIT,Safe,49720,"National Institute of Technology, Kurukshetra",Civil Engineering,HS,Female-only,100.0,1.0,49546.99281950235,49717.89004396502,49890.598060355056,9719,0.1954785896739677,103.90957179347936
2025,6,2,3,49219.0,49218,1.3447967230749782,1.3447967230749782,0.002732271527408,37513,OPEN,NIT,NIT,Safe,49219,Malaviya National Institute of Technology Jaipur,Civil Engineering,OS,Female-only,100.0,1.0,49053.93134553431,49220.3073958276,49385.398912027056,9218,0.18728920313706368,103.74578406274128
2025,6,2,3,45561.0,45560,1.2455175208524452,1.2455175208524452,0.0027337361358452,37704,OPEN,NIT,NIT,Safe,45561,Motilal Nehru National Institute of Technology Allahabad,Civil Engineering,OS,Female-only,100.0,1.0,45412.303820605426,45558.635726198874,45732.490389968254,5560,0.12203687445127305,102.44073748902547
2025,6,2,3,44379.0,44378,1.2807450947875625,1.2807450947875625,0.0028859259892912,41048,OPEN,NIT,NIT,Safe,44379,National Institute of Technology Calicut,Civil Engineering,OS,Female-only,100.0,1.0,44210.31591571292,44371.864458440104,44543.1951043983,4378,0.09865248546577132,101.97304970931543
2025,6,2,3,43525.0,43524,1.1882180004031395,1.1882180004031395,0.0027299666867389,41040,OPEN,NIT,NIT,Safe,43525,"National Institute of Technology, Rourkela",Civil Engineering,HS,Female-only,100.0,1.0,43363.29051639316,43524.816608795874,43697.950028046595,3524,0.08096682290230678,101.61933645804613
2025,6,2,3,41612.0,41611,0.9538170018495292,0.9538170018495292,0.0022921681290241,29021,OPEN,NIT,NIT,Safe,41612,National Institute of Technology Calicut,Civil Engineering,HS,Female-only,100.0,1.0,41444.862683697,41610.458579487546,41766.83817909894,1611,0.038715724207541276,100.77431448415082
2025,6,2,3,41388.0,41387,0.9884671173786046,0.9884671173786046,0.0023882939919266,27597,OPEN,NIT,NIT,Safe,41388,"National Institute of Technology Karnataka, Surathkal",Civil Engineering,HS,Female-only,100.0,1.0,41228.278864113905,41391.616197176525,41544.51566522514,1387,0.03351293884553121,100.67025877691063
2025,6,2,3,41075.0,41074,1.0427525687991874,1.0427525687991874,0.0025386550670704,28614,OPEN,NIT,NIT,Safe,41075,"National Institute of Technology, Tiruchirappalli",Civil Engineering,HS,Female-only,100.0,1.0,40901.89395759604,41070.69493942261,41242.709902285154,1074,0.026147928129717096,100.52295856259434
2025,6,2,3,40799.0,40798,1.0301312469964614,1.0301312469964614,0.0025248933723779,34049,OPEN,NIT,NIT,Safe,40799,Malaviya National Institute of Technology Jaipur,Civil Engineering,HS,Female-only,100.0,1.0,40630.38835515618,40799.28409233011,40969.55367861518,798,0.01955978234227168,100.39119564684543
2025,6,2,3,37899.0,37898,0.8909730679879431,0.8909730679879431,0.0023509144515368,19768,OPEN,NIT,NIT,Ambitious,37899,"National Institute of Technology, Warangal",Civil Engineering,HS,Female-only,100.0,0.0,37736.853766282606,37896.228603493844,38058.273620272725,-2102,-0.05546466832022798,-1.1092933664045597
2025,6,2,3,36822.0,36821,0.8719002811267274,0.8719002811267274,0.0023678786625569,19212,OPEN,NIT,NIT,Ambitious,36822,"National Institute of Technology, Warangal",Civil Engineering,OS,Female-only,100.0,0.0,36647.68398920796,36824.23904716445,36980.376081422444,-3179,-0.08633660139594253,-1.7267320279188505
2025,6,2,3,36568.0,36567,0.970109444897389,0.970109444897389,0.0026528917219902,30429,OPEN,NIT,NIT,Ambitious,36568,"National Institute of Technology, Rourkela",Civil Engineering,OS,Female-only,100.0,0.0,36410.87906243138,36574.16121403774,36740.59399272797,-3433,-0.0938824623294227,-1.877649246588454
2025,6,2,3,34014.0,34013,0.7609852687019156,0.7609852687019156,0.002237270737643,28488,OPEN,NIT,NIT,Ambitious,34014,"National Institute of Technology Karnataka, Surathkal",Civil Engineering,OS,Female-only,100.0,0.0,33849.07845423737,34010.16531160004,34184.04361385176,-5987,-0.17602093317261047,-3.5204186634522094
2025,6,2,3,30069.0,30068,0.7063636812417826,0.7063636812417826,0.0023491425762139,30069,OPEN,NIT,NIT,Ambitious,30069,National Institute of Technology Delhi,Civil Engineering,OS,Female-only,100.0,0.0,29898.75940176197,30066.79550688338,30221.22597578407,-9932,-0.33031794598909137,-6.606358919781828
2025,6,2,3,26836.0,26835,0.5052735165372724,0.5052735165372724,0.0018828197814028,20723,OPEN,NIT,NIT,Ambitious,26836,"National Institute of Technology, Tiruchirappalli",Civil Engineering,OS,Female-only,100.0,0.0,26666.848261935615,26834.86267792325,27002.31123592749,-13165,-0.49059064654369294,-9.81181293087386
